Ticket ID,Title,Details,Status,Category,Tags,Deployed On
CS-001,Search any lawmaker's authored bills,"Look up a senator or representative and see every bill they've authored, across 13 congresses (1987 to present).",Complete,Receipts,Receipts;Deployed,2026-09-24
CS-002,"Search bills by title, topic, or number","Find bills by keyword or bill number, typed however you like: “SB 1294”, “hb4659”, or a topic.",Complete,Receipts,Receipts;Search;Deployed,2026-09-24
CS-003,Bill pages with live status,"See where a 20th Congress bill is now, which committee it's in, a plain-language summary, and links to the official record.",Complete,Bills,Bills;Deployed,2026-09-24
CS-004,Watchlist,Bookmark bills to follow. Statuses refresh every time you open it. No account needed.,Complete,Watchlist,Watchlist;Deployed,2026-09-24
CS-005,Sync your Watchlist across devices,Optional Google sign-in keeps your Watchlist on every device.,Complete,Watchlist,Watchlist;Deployed,2026-09-24
CS-006,Install as an app,"Add CivicSync to your home screen from the browser, no app store needed. Pages you've visited still open offline.",Complete,Platform,Platform;Deployed,2026-09-24
CS-007,"Works on phone, tablet, and desktop","Layouts adapt to any screen: bottom tabs on phones, a sidebar and two-column pages on larger screens.",Complete,Platform,Platform;Design;Deployed,2026-09-30
CS-008,Faster-feeling search,"A clear loading state while searching, and results that appear in stages so lawmakers and recent bills show first.",Complete,Receipts,Search;Performance;Deployed,2026-09-24
CS-009,About page,"What CivicSync is, where the data comes from, what it isn't, and who's behind it.",Complete,Trust,Trust;Deployed,2026-09-30
CS-010,Press kit,"Descriptions, fact sheet, logos, screenshots, and FAQ for journalists.",Complete,Community,Community;Deployed,2026-09-30
CS-011,Get involved page,"Ways to help: share, report data errors, suggest features, translate, contribute code, partner, or license commercially.",Complete,Community,Community;Deployed,2026-09-30
CS-012,Report an issue on every bill,A “Report an issue” link on each bill page with the bill number and a template pre-filled.,Complete,Bills,Bills;Data;Deployed,2026-09-30
CS-013,Official social accounts and share menu,"Follow CivicSync on Facebook and Instagram, and share it from the Get involved page.",Complete,Community,Community;Sharing;Deployed,2026-09-30
CS-014,"Open source, with commercial licences","CivicSync's code is open source under the AGPL-3.0, with commercial licences for businesses that need other terms.",Complete,Community,Community;Open source;Deployed,2026-09-30
CS-015,Email that works without a mail app,"Email buttons open a panel with the address, Gmail compose, and copyable templates, so they work for webmail users too.",Complete,Community,Community;Deployed,2026-09-30
CS-016,Privacy-first notes,"Clear, low-key reminders that no account is needed and your Watchlist stays on your device unless you choose to sync.",Complete,Trust,Trust;Privacy;Deployed,2026-09-30
CS-101,Faster loading for users in the Philippines,"The app's servers now run in Singapore, closer to Philippine users.",Complete,Performance,Performance;Deployed,2026-09-30
CS-102,Lighter app on mobile data,"Sign-in features load only when you need them, halving the data used on a first visit.",Complete,Performance,Performance;Deployed,2026-09-30
CS-103,Rich previews when sharing,"Links to bills and lawmakers shared on Facebook, Messenger, and X show a preview card with the title and status.",Complete,Sharing,Sharing;Deployed,2026-09-30
CS-107,Privacy-friendly analytics,"Anonymous, cookieless visit counts so we can see which pages are useful. No personal data, no cross-site tracking.",Complete,Trust,Privacy;Under the hood;Deployed,2026-09-30
CS-108,"Upgrade to the latest app framework (Next.js 16, React 19)","Why: CivicSync runs on Next.js 14 and React 18, two major versions behind. Staying behind means newer tools increasingly won't work with it (the content editor already had to be hosted separately for this reason), older versions get less attention for bug and security fixes, and we miss performance improvements. What changes: page parameters become asynchronous (an official tool handles most of it), a small change to how cached content is refreshed, and a new default build tool. All current libraries support React 19. Plan: do it on a separate branch with a full check of every page before merging. Afterwards, the content editor can move into the app at /studio. Estimated effort: a few hours.",Planned,Under the hood,Under the hood;Performance,
CS-104,Our own web address,Move from the temporary vercel.app link to a proper domain (e.g. civicsync.ph).,Open,Platform,Platform,
CS-105,Accessibility improvements,"Better screen-reader support, contrast, and tap targets, aiming for WCAG 2.1 AA.",Open,Accessibility,Accessibility,
CS-106,More complete data for newer bills,Work with data partners to fill gaps for bills filed since late 2025.,Open,Data,Data,
CS-110,Built-in forms for ideas and volunteers,"Suggest features, join the translator list, or get in touch without leaving CivicSync or needing an email app.",Open,Community,Community,
CS-201,Get notified when a bill you follow moves,Receive a push notification or email digest when a Watchlist bill changes status.,Open,Watchlist,Watchlist;Notifications,
CS-202,Filipino / Tagalog language option,"Switch the whole app to Filipino, translated and reviewed by people.",Open,Language,Language,
CS-203,Dark mode,"A darker colour scheme that's easier on the eyes at night, and follows your phone's setting automatically.",Open,Design,Design,
CS-204,Shareable bill and lawmaker cards,One-tap image cards for sharing on social media.,Open,Sharing,Sharing,
CS-205,“What does this status mean?” explainers,"Plain-language help for terms like “Pending Second Reading”, plus a short intro for first-time visitors.",Open,Education,Education,
CS-206,Privacy page,"A full explanation of what's stored on your device, what's stored when you sign in, and what we never collect.",Open,Trust,Trust;Privacy,
CS-207,Major regional languages,"Cebuano, Ilocano, Hiligaynon, Waray, Bikol, Kapampangan, and Pangasinan, reviewed by native speakers.",Open,Language,Language,
CS-208,Translated bill summaries,"Plain-language summaries in more languages, clearly labelled as machine-translated, with the original alongside.",Open,Language,Language,
CS-301,Browse bills by topic,"Explore bills by area, like Agriculture, Health, or Labor.",Open,Discovery,Discovery,
CS-302,Richer lawmaker profiles,"Photos, committee memberships, and frequent co-authors.",Open,Receipts,Receipts,
CS-303,Bill timelines,See a bill's full history of status changes over time.,Open,Bills,Bills,
CS-304,Compare lawmakers side by side,"Compare bill counts by congress, topic, and outcome.",Open,Receipts,Receipts,
CS-305,Link enacted bills to the final law,Connect bills that became Republic Acts to the law's text.,Open,Bills,Bills,
CS-306,"Faster, more reliable search",Our own search index so results appear instantly and stay available when outside sources are down.,Open,Performance,Performance;Data,
CS-307,Open dataset for other civic projects,"Publish cleaned, merged legislative data for others to build on.",Open,Data,Data;Community,
CS-308,Exploring: voting records,Researching whether we can show how lawmakers voted. This isn't available from our current sources yet.,Open,Research,Research,
CS-309,Community-contributed languages,Volunteers can add and review new languages; each goes live only after a native-speaker review.,Open,Language,Language;Community,
CS-901,Automated testing on every change,So updates don't break search or bill pages. Approved; scheduled for a later sprint.,Under Review,Under the hood,Under the hood,
CS-902,Uptime monitoring,So we catch data-source outages before you do.,Open,Under the hood,Under the hood,
CS-903,Backup source for bill status,So status still loads if our main tracker is down.,Open,Under the hood,Under the hood;Data,
CS-904,Finalise contributor licensing,"Lawyer review of the Contributor License Agreement, a commercial licence template, and CLA Assistant on GitHub before accepting outside code.",Open,Under the hood,Under the hood;Open source,
